tempoMean,tempoStart,tempoSlope
112.838447873381,120.40729835341,-0.734594159144436
